,,Summer 1992,Summer 1992,Fall 1992,Fall 1992,Spring 1993,Spring 1993,Summer 1993,Summer 1993,Fall 1993,Fall 1993,Spring 1994,Spring 1994,Summer 1994,Summer 1994,Fall 1994,Fall 1994,Spring 1995,Spring 1995,Summer 1995,Summer 1995,Fall 1995,Fall 1995,Spring 1996,Spring 1996,Summer 1996,Summer 1996,Fall 1996,Fall 1996,Spring 1997,Spring 1997,Summer 1997,Summer 1997,Fall 1997,Fall 1997,Spring 1998,Spring 1998,Summer 1998,Summer 1998,Fall 1998,Fall 1998,Spring 1999,Spring 1999,Summer 1999,Summer 1999,Fall 1999,Fall 1999,Spring 2000,Spring 2000,Summer 2000,Summer 2000,Fall 2000,Fall 2000,Spring 2001,Spring 2001,Summer 2001,Summer 2001,Fall 2001,Fall 2001,Winter 2002,Winter 2002,Spring 2002,Spring 2002,Summer 2002,Summer 2002,Fall 2002,Fall 2002,Winter 2003,Winter 2003,Spring 2003,Spring 2003,Summer 2003,Summer 2003,Fall 2003,Fall 2003,Winter 2004,Winter 2004,Spring 2004,Spring 2004,Summer 2004,Summer 2004,Fall 2004,Fall 2004,Winter 2005,Winter 2005,Spring 2005,Spring 2005,Summer 2005,Summer 2005,Fall 2005,Fall 2005,Winter 2006,Winter 2006,Spring 2006,Spring 2006,Summer 2006,Summer 2006,Fall 2006,Fall 2006,Winter 2007,Winter 2007,Spring 2007,Spring 2007,Summer 2007,Summer 2007,Fall 2007,Fall 2007,Winter 2008,Winter 2008,Spring 2008,Spring 2008,Summer 2008,Summer 2008,Fall 2008,Fall 2008,Winter 2009,Winter 2009,Spring 2009,Spring 2009,Summer 2009,Summer 2009,Fall 2009,Fall 2009,Winter 2010,Winter 2010,Spring 2010,Spring 2010,Summer 2010,Summer 2010,Fall 2010,Fall 2010,Winter 2011,Winter 2011,Spring 2011,Spring 2011,Summer 2011,Summer 2011,Fall 2011,Fall 2011,Winter 2012,Winter 2012,Spring 2012,Spring 2012,Summer 2012,Summer 2012,Fall 2012,Fall 2012,Winter 2013,Winter 2013,Spring 2013,Spring 2013,Summer 2013,Summer 2013,Fall 2013,Fall 2013,Winter 2014,Winter 2014,Spring 2014,Spring 2014,Summer 2014,Summer 2014,Fall 2014,Fall 2014,Winter 2015,Winter 2015,Spring 2015,Spring 2015,Summer 2015,Summer 2015,Fall 2015,Fall 2015,Winter 2016,Winter 2016,Spring 2016,Spring 2016,Summer 2016,Summer 2016,Fall 2016,Fall 2016,Winter 2017,Winter 2017,Spring 2017,Spring 2017,Summer 2017,Summer 2017,Fall 2017,Fall 2017,Winter 2018,Winter 2018,Spring 2018,Spring 2018,Summer 2018,Summer 2018,Fall 2018,Fall 2018,Winter 2019,Winter 2019,Spring 2019,Spring 2019,Summer 2019,Summer 2019,Fall 2019,Fall 2019,Winter 2020,Winter 2020,Spring 2020,Spring 2020,Summer 2020,Summer 2020,Fall 2020,Fall 2020,Winter 2021,Winter 2021,Spring 2021,Spring 2021,Summer 2021,Summer 2021,Fall 2021,Fall 2021,Winter 2022,Winter 2022,Spring 2022,Spring 2022,Summer 2022,Summer 2022,Fall 2022,Fall 2022,Winter 2023,Winter 2023,Spring 2023,Spring 2023,Summer 2023,Summer 2023
College Name,Citizenship Status,Student Count,Student Count (%),Student Count,Student Count (%),Student Count,Student Count (%),Student Count,Student Count (%),Student Count,Student Count (%),Student Count,Student Count (%),Student Count,Student Count (%),Student Count,Student Count (%),Student Count,Student Count (%),Student Count,Student Count (%),Student Count,Student Count (%),Student Count,Student Count (%),Student Count,Student Count (%),Student Count,Student Count (%),Student Count,Student Count (%),Student Count,Student Count (%),Student Count,Student Count (%),Student Count,Student Count (%),Student Count,Student Count (%),Student Count,Student Count (%),Student Count,Student Count (%),Student Count,Student Count (%),Student Count,Student Count (%),Student Count,Student Count (%),Student Count,Student Count (%),Student Count,Student Count (%),Student Count,Student Count (%),Student Count,Student Count (%),Student Count,Student Count (%),Student Count,Student Count (%),Student Count,Student Count (%),Student Count,Student Count (%),Student Count,Student Count (%),Student Count,Student Count (%),Student Count,Student Count (%),Student Count,Student Count (%),Student Count,Student Count (%),Student Count,Student Count (%),Student Count,Student Count (%),Student Count,Student Count (%),Student Count,Student Count (%),Student Count,Student Count (%),Student Count,Student Count (%),Student Count,Student Count (%),Student Count,Student Count (%),Student Count,Student Count (%),Student Count,Student Count (%),Student Count,Student Count (%),Student Count,Student Count (%),Student Count,Student Count (%),Student Count,Student Count (%),Student Count,Student Count (%),Student Count,Student Count (%),Student Count,Student Count (%),Student Count,Student Count (%),Student Count,Student Count (%),Student Count,Student Count (%),Student Count,Student Count (%),Student Count,Student Count (%),Student Count,Student Count (%),Student Count,Student Count (%),Student Count,Student Count (%),Student Count,Student Count (%),Student Count,Student Count (%),Student Count,Student Count (%),Student Count,Student Count (%),Student Count,Student Count (%),Student Count,Student Count (%),Student Count,Student Count (%),Student Count,Student Count (%),Student Count,Student Count (%),Student Count,Student Count (%),Student Count,Student Count (%),Student Count,Student Count (%),Student Count,Student Count (%),Student Count,Student Count (%),Student Count,Student Count (%),Student Count,Student Count (%),Student Count,Student Count (%),Student Count,Student Count (%),Student Count,Student Count (%),Student Count,Student Count (%),Student Count,Student Count (%),Student Count,Student Count (%),Student Count,Student Count (%),Student Count,Student Count (%),Student Count,Student Count (%),Student Count,Student Count (%),Student Count,Student Count (%),Student Count,Student Count (%),Student Count,Student Count (%),Student Count,Student Count (%),Student Count,Student Count (%),Student Count,Student Count (%),Student Count,Student Count (%),Student Count,Student Count (%),Student Count,Student Count (%),Student Count,Student Count (%),Student Count,Student Count (%),Student Count,Student Count (%),Student Count,Student Count (%),Student Count,Student Count (%),Student Count,Student Count (%),Student Count,Student Count (%),Student Count,Student Count (%),Student Count,Student Count (%),Student Count,Student Count (%),Student Count,Student Count (%),Student Count,Student Count (%),Student Count,Student Count (%),Student Count,Student Count (%),Student Count,Student Count (%),Student Count,Student Count (%),Student Count,Student Count (%),Student Count,Student Count (%),Student Count,Student Count (%)
East LA,U.S. citizen,"2,154",67.69 %,"11,253",70.41 %,"9,380",66.71 %,"2,080",63.45 %,"9,724",64.79 %,"9,878",63.01 %,"1,620",55.16 %,"9,736",60.18 %,"9,878",60.60 %,"1,617",53.21 %,"9,794",60.91 %,"9,687",51.73 %,"1,696",39.55 %,"10,379",56.23 %,"10,885",53.00 %,"5,318",61.49 %,"11,841",59.55 %,"12,890",60.64 %,"7,862",67.86 %,"14,559",68.89 %,"16,454",69.14 %,"9,955",59.12 %,"18,879",73.25 %,"19,893",72.38 %,"11,634",70.54 %,"22,136",76.17 %,"21,658",71.44 %,"16,291",75.66 %,"22,035",73.73 %,,0.00 %,"23,878",71.74 %,"15,529",70.35 %,"21,545",73.03 %,"2,993",64.92 %,"18,758",69.31 %,"10,884",65.83 %,"17,802",71.67 %,"3,441",67.43 %,"18,934",70.48 %,"11,126",69.00 %,"18,671",72.68 %,"5,010",67.20 %,"19,058",70.84 %,"12,191",67.44 %,"19,071",75.25 %,"8,899",80.01 %,"22,745",78.55 %,"12,983",67.90 %,"23,185",79.04 %,"9,155",79.81 %,"21,736",76.46 %,"14,683",69.24 %,"24,394",79.65 %,"7,282",76.18 %,"24,522",80.43 %,"21,716",73.86 %,"29,101",80.73 %,"9,726",76.13 %,"28,288",80.21 %,"19,744",72.26 %,"30,895",80.24 %,"7,723",79.96 %,"29,578",80.32 %,"17,453",83.48 %,"29,606",81.45 %,"7,101",80.06 %,"29,171",81.29 %,"17,261",83.57 %,"31,124",81.07 %,"7,731",82.21 %,"29,346",81.86 %,"12,141",84.08 %,"31,113",81.62 %,"5,833",82.32 %,"29,967",81.08 %,"12,671",84.01 %,"31,044",80.88 %,"7,688",82.25 %,"28,071",81.58 %,"13,751",83.02 %,"30,253",82.31 %,"9,184",82.42 %,"29,713",82.65 %,"15,932",84.79 %,"31,869",82.62 %,"9,293",83.59 %,"30,559",82.58 %,"16,216",85.68 %,"32,311",82.34 %,"9,914",83.16 %,"32,075",79.67 %,"17,908",85.15 %,"31,139",81.09 %,"8,613",82.19 %,"29,989",81.75 %,"15,857",81.94 %,"33,486",80.34 %,"8,194",81.26 %,"30,165",80.23 %,"14,081",82.52 %,"31,909",79.60 %,"8,293",80.64 %,"29,859",80.59 %,"13,671",81.37 %,"27,268",82.81 %,"8,817",82.71 %,"26,234",81.76 %,"14,025",79.30 %,"25,553",81.86 %,"6,163",81.28 %,"22,780",82.20 %,"13,063",71.04 %,"24,273",81.25 %,"7,931",81.82 %,"24,716",81.38 %,,0.00 %
East LA,Permanent Resident,668,20.99 %,"3,239",20.27 %,"3,413",24.27 %,858,26.17 %,"4,131",27.52 %,"4,548",29.01 %,978,33.30 %,"5,396",33.36 %,"5,502",33.75 %,"1,146",37.71 %,"5,436",33.81 %,"5,654",30.19 %,"1,058",24.67 %,"4,920",26.66 %,"4,670",22.74 %,"1,611",18.63 %,"4,696",23.62 %,"4,589",21.59 %,"1,931",16.67 %,"4,324",20.46 %,"4,202",17.66 %,"2,125",12.62 %,"4,078",15.82 %,"3,903",14.20 %,"2,135",12.95 %,"3,981",13.70 %,"3,809",12.56 %,"2,348",10.91 %,"4,048",13.55 %,,0.00 %,"4,200",12.62 %,"2,593",11.75 %,"4,277",14.50 %,587,12.73 %,"3,889",14.37 %,"2,442",14.77 %,"3,785",15.24 %,778,15.25 %,"3,649",13.58 %,"2,021",12.53 %,"3,446",13.41 %,"1,072",14.38 %,"3,368",12.52 %,"2,005",11.09 %,"3,280",12.94 %,"1,100",9.89 %,"3,049",10.53 %,"1,884",9.85 %,"3,048",10.39 %,"1,033",9.01 %,"2,988",10.51 %,"1,932",9.11 %,"3,094",10.10 %,"1,090",11.40 %,"2,854",9.36 %,"2,073",7.05 %,"3,105",8.61 %,"1,272",9.96 %,"3,027",8.58 %,"1,578",5.77 %,"2,972",7.72 %,713,7.38 %,"2,665",7.24 %,"1,568",7.50 %,"2,750",7.57 %,762,8.59 %,"2,602",7.25 %,"1,580",7.65 %,"2,772",7.22 %,751,7.99 %,"2,694",7.52 %,"1,115",7.72 %,"2,573",6.75 %,591,8.34 %,"2,448",6.62 %,971,6.44 %,"2,364",6.16 %,670,7.17 %,"2,263",6.58 %,"1,036",6.25 %,"2,162",5.88 %,638,5.73 %,"2,056",5.72 %,955,5.08 %,"2,099",5.44 %,661,5.95 %,"2,072",5.60 %,950,5.02 %,"2,213",5.64 %,631,5.29 %,"2,285",5.68 %,"1,205",5.73 %,"2,336",6.08 %,711,6.78 %,"2,115",5.77 %,"1,013",5.23 %,"2,139",5.13 %,650,6.45 %,"1,876",4.99 %,886,5.19 %,"2,050",5.11 %,655,6.37 %,"1,861",5.02 %,"1,125",6.70 %,"1,708",5.19 %,677,6.35 %,"1,656",5.16 %,936,5.29 %,"1,418",4.54 %,493,6.50 %,"1,286",4.64 %,642,3.49 %,"1,114",3.73 %,376,3.88 %,"1,041",3.43 %,,0.00 %
East LA,Temporary Resident,52,1.63 %,230,1.44 %,199,1.42 %,51,1.56 %,176,1.17 %,212,1.35 %,44,1.50 %,208,1.29 %,200,1.23 %,60,1.97 %,177,1.10 %,202,1.08 %,31,0.72 %,155,0.84 %,155,0.75 %,54,0.62 %,154,0.77 %,154,0.72 %,65,0.56 %,154,0.73 %,139,0.58 %,72,0.43 %,125,0.49 %,132,0.48 %,47,0.28 %,110,0.38 %,111,0.37 %,55,0.26 %,141,0.47 %,,0.00 %,127,0.38 %,76,0.34 %,119,0.40 %,14,0.30 %,78,0.29 %,51,0.31 %,78,0.31 %,16,0.31 %,64,0.24 %,47,0.29 %,66,0.26 %,22,0.30 %,55,0.20 %,30,0.17 %,45,0.18 %,14,0.13 %,38,0.13 %,23,0.12 %,36,0.12 %,14,0.12 %,36,0.13 %,18,0.08 %,34,0.11 %,9,0.09 %,24,0.08 %,27,0.09 %,32,0.09 %,12,0.09 %,38,0.11 %,12,0.04 %,26,0.07 %,6,0.06 %,27,0.07 %,27,0.13 %,28,0.08 %,3,0.03 %,30,0.08 %,19,0.09 %,25,0.07 %,8,0.09 %,22,0.06 %,16,0.11 %,30,0.08 %,12,0.17 %,41,0.11 %,34,0.23 %,63,0.16 %,8,0.09 %,91,0.26 %,59,0.36 %,110,0.30 %,29,0.26 %,120,0.33 %,49,0.26 %,115,0.30 %,38,0.34 %,97,0.26 %,48,0.25 %,127,0.32 %,42,0.35 %,109,0.27 %,57,0.27 %,158,0.41 %,57,0.54 %,177,0.48 %,101,0.52 %,235,0.56 %,70,0.69 %,189,0.50 %,99,0.58 %,234,0.58 %,65,0.63 %,183,0.49 %,92,0.55 %,176,0.53 %,69,0.65 %,179,0.56 %,84,0.47 %,168,0.54 %,54,0.71 %,149,0.54 %,76,0.41 %,123,0.41 %,56,0.58 %,107,0.35 %,,0.00 %
East LA,Refugee / Asylee,46,1.45 %,162,1.01 %,150,1.07 %,36,1.10 %,152,1.01 %,142,0.91 %,46,1.57 %,121,0.75 %,112,0.69 %,22,0.72 %,84,0.52 %,89,0.48 %,21,0.49 %,97,0.53 %,102,0.50 %,32,0.37 %,101,0.51 %,103,0.48 %,38,0.33 %,98,0.46 %,83,0.35 %,48,0.29 %,91,0.35 %,80,0.29 %,54,0.33 %,94,0.32 %,91,0.30 %,66,0.31 %,120,0.40 %,,0.00 %,172,0.52 %,111,0.50 %,209,0.71 %,32,0.69 %,230,0.85 %,183,1.11 %,257,1.03 %,61,1.20 %,250,0.93 %,169,1.05 %,294,1.14 %,132,1.77 %,309,1.15 %,226,1.25 %,330,1.30 %,145,1.30 %,298,1.03 %,243,1.27 %,362,1.23 %,159,1.39 %,305,1.07 %,195,0.92 %,302,0.99 %,135,1.41 %,252,0.83 %,182,0.62 %,245,0.68 %,121,0.95 %,230,0.65 %,96,0.35 %,223,0.58 %,56,0.58 %,169,0.46 %,123,0.59 %,222,0.61 %,82,0.92 %,194,0.54 %,120,0.58 %,213,0.55 %,58,0.62 %,208,0.58 %,100,0.69 %,201,0.53 %,48,0.68 %,193,0.52 %,95,0.63 %,198,0.52 %,76,0.81 %,202,0.59 %,96,0.58 %,192,0.52 %,66,0.59 %,182,0.51 %,86,0.46 %,171,0.44 %,66,0.59 %,159,0.43 %,87,0.46 %,134,0.34 %,52,0.44 %,139,0.35 %,63,0.30 %,36,0.09 %,17,0.16 %,51,0.14 %,38,0.20 %,94,0.23 %,32,0.32 %,81,0.22 %,46,0.27 %,115,0.29 %,38,0.37 %,108,0.29 %,71,0.42 %,125,0.38 %,65,0.61 %,162,0.50 %,84,0.47 %,140,0.45 %,57,0.75 %,112,0.40 %,72,0.39 %,117,0.39 %,47,0.48 %,101,0.33 %,,0.00 %
East LA,Student Visa (F-1 or M-1 visa),136,4.27 %,485,3.03 %,395,2.81 %,109,3.33 %,323,2.15 %,334,2.13 %,96,3.27 %,261,1.61 %,197,1.21 %,33,1.09 %,209,1.30 %,233,1.24 %,78,1.82 %,271,1.47 %,327,1.59 %,166,1.92 %,310,1.56 %,356,1.67 %,242,2.09 %,358,1.69 %,363,1.53 %,208,1.24 %,374,1.45 %,380,1.38 %,229,1.39 %,399,1.37 %,423,1.40 %,296,1.37 %,429,1.44 %,,0.00 %,442,1.33 %,307,1.39 %,443,1.50 %,93,2.02 %,441,1.63 %,331,2.00 %,379,1.53 %,62,1.21 %,351,1.31 %,198,1.23 %,289,1.12 %,84,1.13 %,294,1.09 %,166,0.92 %,256,1.01 %,86,0.77 %,287,0.99 %,198,1.04 %,303,1.03 %,92,0.80 %,347,1.22 %,200,0.94 %,418,1.36 %,188,1.97 %,512,1.68 %,308,1.05 %,620,1.72 %,291,2.28 %,666,1.89 %,273,1.00 %,710,1.84 %,236,2.44 %,781,2.12 %,332,1.59 %,829,2.28 %,225,2.54 %,860,2.40 %,345,1.67 %,839,2.19 %,235,2.50 %,840,2.34 %,316,2.19 %,733,1.92 %,226,3.19 %,767,2.08 %,238,1.58 %,714,1.86 %,227,2.43 %,748,2.17 %,237,1.43 %,709,1.93 %,222,1.99 %,761,2.12 %,235,1.25 %,757,1.96 %,250,2.25 %,814,2.20 %,261,1.38 %,809,2.06 %,217,1.82 %,834,2.07 %,243,1.16 %,752,1.96 %,239,2.28 %,746,2.03 %,221,1.14 %,633,1.52 %,172,1.71 %,615,1.64 %,170,1.00 %,495,1.23 %,123,1.20 %,464,1.25 %,168,1.00 %,303,0.92 %,102,0.96 %,271,0.84 %,80,0.45 %,179,0.57 %,34,0.45 %,176,0.64 %,47,0.26 %,144,0.48 %,34,0.35 %,175,0.58 %,,0.00 %
East LA,Other Status,124,3.90 %,605,3.79 %,519,3.69 %,141,4.30 %,503,3.35 %,562,3.58 %,152,5.18 %,454,2.81 %,412,2.53 %,161,5.30 %,369,2.29 %,396,2.11 %,109,2.54 %,453,2.45 %,490,2.39 %,273,3.16 %,613,3.08 %,672,3.16 %,331,2.86 %,761,3.60 %,804,3.38 %,"3,057",18.15 %,"1,242",4.82 %,933,3.39 %,487,2.95 %,861,2.96 %,911,3.01 %,514,2.39 %,"1,014",3.39 %,,0.00 %,"1,116",3.35 %,888,4.02 %,"1,444",4.89 %,230,4.99 %,"1,312",4.85 %,799,4.83 %,"1,379",5.55 %,271,5.31 %,"1,351",5.03 %,777,4.82 %,"1,406",5.47 %,490,6.57 %,"1,372",5.10 %,800,4.43 %,"1,514",5.97 %,526,4.73 %,"1,429",4.93 %,850,4.45 %,"1,522",5.19 %,512,4.46 %,"1,521",5.35 %,924,4.36 %,"1,661",5.42 %,572,5.98 %,"1,527",5.01 %,"1,162",3.95 %,"1,812",5.03 %,767,6.00 %,"1,896",5.38 %,931,3.41 %,"1,769",4.59 %,377,3.90 %,"1,644",4.46 %,825,3.95 %,"1,723",4.74 %,423,4.77 %,"1,689",4.71 %,870,4.21 %,"1,759",4.58 %,360,3.83 %,"1,683",4.69 %,702,4.86 %,"1,839",4.82 %,369,5.21 %,"1,747",4.73 %,871,5.77 %,"1,855",4.83 %,506,5.41 %,"1,822",5.29 %,"1,050",6.34 %,"2,000",5.44 %,568,5.10 %,"2,073",5.77 %,"1,104",5.88 %,"2,182",5.66 %,652,5.86 %,"2,183",5.90 %,"1,093",5.78 %,"2,689",6.85 %,663,5.56 %,"2,636",6.55 %,"1,279",6.08 %,"2,532",6.59 %,640,6.11 %,"2,349",6.40 %,"1,010",5.22 %,"2,492",5.98 %,623,6.18 %,"2,196",5.84 %,"1,096",6.42 %,"2,377",5.93 %,605,5.88 %,"2,081",5.62 %,932,5.55 %,"1,590",4.83 %,544,5.10 %,"1,378",4.29 %,670,3.79 %,"1,311",4.20 %,397,5.24 %,"1,071",3.86 %,569,3.09 %,"1,142",3.82 %,414,4.27 %,"1,013",3.34 %,,0.00 %
East LA,Status Unknown / Uncollected,2,0.06 %,8,0.05 %,5,0.04 %,3,0.09 %,,0.00 %,1,0.01 %,1,0.03 %,1,0.01 %,,0.00 %,,0.00 %,10,0.06 %,"2,464",13.16 %,"1,295",30.20 %,"2,182",11.82 %,"3,910",19.04 %,"1,194",13.81 %,"2,168",10.90 %,"2,491",11.72 %,"1,116",9.63 %,880,4.16 %,"1,753",7.37 %,"1,374",8.16 %,984,3.82 %,"2,163",7.87 %,"1,906",11.56 %,"1,481",5.10 %,"3,313",10.93 %,"1,961",9.11 %,"2,098",7.02 %,,0.00 %,"3,348",10.06 %,"2,569",11.64 %,"1,463",4.96 %,661,14.34 %,"2,357",8.71 %,"1,843",11.15 %,"1,159",4.67 %,474,9.29 %,"2,264",8.43 %,"1,786",11.08 %,"1,519",5.91 %,645,8.65 %,"2,447",9.10 %,"2,660",14.71 %,846,3.34 %,352,3.16 %,"1,111",3.84 %,"2,941",15.38 %,879,3.00 %,506,4.41 %,"1,495",5.26 %,"3,254",15.34 %,724,2.36 %,283,2.96 %,797,2.61 %,"3,932",13.37 %,"1,132",3.14 %,586,4.59 %,"1,122",3.18 %,"4,691",17.17 %,"1,909",4.96 %,547,5.66 %,"1,963",5.33 %,579,2.77 %,"1,191",3.28 %,274,3.09 %,"1,341",3.74 %,459,2.22 %,"1,659",4.32 %,261,2.78 %,"1,054",2.94 %,50,0.35 %,"1,629",4.27 %,7,0.10 %,"1,796",4.86 %,203,1.35 %,"2,146",5.59 %,172,1.84 %,"1,214",3.53 %,335,2.02 %,"1,329",3.62 %,436,3.91 %,"1,045",2.91 %,429,2.28 %,"1,380",3.58 %,158,1.42 %,"1,123",3.03 %,271,1.43 %,957,2.44 %,403,3.38 %,"2,181",5.42 %,277,1.32 %,"1,449",3.77 %,202,1.93 %,"1,257",3.43 %,"1,113",5.75 %,"2,600",6.24 %,343,3.40 %,"2,475",6.58 %,685,4.01 %,"2,906",7.25 %,505,4.91 %,"2,494",6.73 %,742,4.42 %,"1,758",5.34 %,386,3.62 %,"2,205",6.87 %,"1,808",10.22 %,"2,446",7.84 %,384,5.06 %,"2,139",7.72 %,"3,920",21.32 %,"2,963",9.92 %,835,8.61 %,"3,218",10.60 %,,0.00 %
Glendale,U.S. citizen,"3,557",47.62 %,"10,113",47.59 %,"9,853",46.44 %,"1,186",48.04 %,"9,374",46.79 %,"8,974",45.63 %,"2,464",43.60 %,"8,465",44.55 %,"8,445",43.95 %,745,14.77 %,"7,761",42.71 %,"8,079",42.31 %,"2,449",44.38 %,"8,490",40.05 %,"8,818",41.34 %,"3,069",48.10 %,"10,219",46.52 %,"11,373",47.67 %,"4,462",49.11 %,"10,970",50.43 %,"10,604",49.95 %,"4,327",47.34 %,"11,006",49.73 %,"10,707",48.42 %,"4,732",49.19 %,"11,278",47.13 %,"11,510",47.74 %,"5,227",48.48 %,"12,332",50.20 %,"4,774",46.94 %,"12,197",50.27 %,"5,555",51.87 %,"12,531",51.43 %,"4,789",52.88 %,"12,215",51.60 %,"4,481",51.46 %,"11,637",52.07 %,"4,775",51.85 %,"11,494",52.32 %,"4,968",53.30 %,"11,680",52.58 %,"4,809",52.68 %,"11,578",52.31 %,"6,115",53.33 %,"11,779",53.71 %,"5,616",53.61 %,"11,883",54.41 %,"6,676",56.39 %,"12,191",54.95 %,"5,593",53.74 %,"11,842",54.10 %,"7,009",58.23 %,"13,193",58.98 %,"6,272",56.49 %,"13,251",58.27 %,"7,657",57.32 %,"13,780",58.36 %,"6,223",54.65 %,"13,706",57.36 %,"7,635",56.62 %,"14,140",58.42 %,"4,868",52.05 %,"13,882",57.86 %,"5,104",51.59 %,"12,634",55.81 %,"3,304",44.55 %,"12,754",56.40 %,"3,980",60.50 %,"12,540",57.24 %,199,85.04 %,"12,440",57.12 %,643,33.82 %,"12,262",58.28 %,372,90.07 %,"12,648",58.70 %,651,32.86 %,"12,381",59.15 %,"3,775",54.89 %,"11,881",58.82 %,"4,840",59.99 %,"11,897",59.43 %,"4,288",54.55 %,"11,653",58.97 %,"5,148",60.70 %,"12,348",61.00 %,"4,823",57.85 %,"11,853",59.86 %,"5,243",60.08 %,"12,193",60.80 %,"5,169",56.90 %,"11,469",59.27 %,"5,428",59.63 %,"11,626",60.06 %,"5,069",56.21 %,"10,915",59.53 %,"5,515",61.49 %,"11,091",60.99 %,"4,990",57.61 %,"10,372",59.98 %,"5,529",62.87 %,"10,891",61.99 %,"4,680",57.64 %,"10,005",61.35 %,"6,113",66.15 %,"10,117",66.27 %,"4,347",61.84 %,"9,248",64.15 %,"4,986",64.46 %,"9,075",64.52 %,"4,110",57.96 %,"8,280",60.68 %,"4,518",57.64 %,"8,310",60.69 %,"4,105",52.60 %,"8,413",57.04 %,"5,002",50.99 %
Glendale,Permanent Resident,"2,127",28.47 %,"5,620",26.45 %,"5,738",27.05 %,779,31.55 %,"5,531",27.61 %,"5,633",28.64 %,"1,949",34.48 %,"5,915",31.13 %,"5,968",31.06 %,"1,012",20.06 %,"5,949",32.74 %,"6,111",32.00 %,"1,970",35.70 %,"6,280",29.62 %,"6,162",28.88 %,"2,127",33.34 %,"6,991",31.83 %,"7,313",30.65 %,"2,870",31.59 %,"6,216",28.58 %,"6,008",28.30 %,"2,695",29.49 %,"5,968",26.97 %,"5,747",25.99 %,"2,506",26.05 %,"5,671",23.70 %,"5,432",22.53 %,"2,633",24.42 %,"5,249",21.37 %,"2,139",21.03 %,"5,010",20.65 %,"2,347",21.92 %,"4,819",19.78 %,"1,830",20.21 %,"4,598",19.42 %,"1,789",20.55 %,"4,126",18.46 %,"1,681",18.25 %,"4,022",18.31 %,"1,694",18.17 %,"3,916",17.63 %,"1,572",17.22 %,"3,931",17.76 %,"2,072",18.07 %,"3,831",17.47 %,"1,859",17.75 %,"3,867",17.71 %,"2,072",17.50 %,"3,905",17.60 %,"1,802",17.31 %,"3,909",17.86 %,"2,260",18.78 %,"4,175",18.66 %,"2,202",19.83 %,"4,273",18.79 %,"2,472",18.51 %,"4,256",18.02 %,"2,200",19.32 %,"4,323",18.09 %,"2,529",18.76 %,"4,428",18.30 %,"1,858",19.87 %,"4,520",18.84 %,"1,508",15.24 %,"4,064",17.95 %,"1,421",19.16 %,"4,303",19.03 %,"1,273",19.35 %,"4,502",20.55 %,21,8.97 %,"4,628",21.25 %,611,32.14 %,"4,496",21.37 %,17,4.12 %,"4,573",21.22 %,627,31.65 %,"4,592",21.94 %,"1,674",24.34 %,"4,452",22.04 %,"1,744",21.62 %,"4,482",22.39 %,"1,916",24.38 %,"4,376",22.14 %,"1,808",21.32 %,"4,226",20.88 %,"1,926",23.10 %,"4,259",21.51 %,"1,844",21.13 %,"4,149",20.69 %,"2,154",23.71 %,"4,114",21.26 %,"1,911",20.99 %,"4,085",21.10 %,"2,174",24.11 %,"4,005",21.84 %,"1,883",20.99 %,"3,961",21.78 %,"2,114",24.41 %,"3,917",22.65 %,"1,877",21.34 %,"3,693",21.02 %,"1,811",22.30 %,"3,352",20.55 %,"1,745",18.88 %,"2,883",18.89 %,"1,443",20.53 %,"2,844",19.73 %,"1,297",16.77 %,"2,556",18.17 %,"1,390",19.60 %,"2,518",18.45 %,"1,211",15.45 %,"2,263",16.53 %,"1,255",16.08 %,"2,273",15.41 %,"1,227",12.51 %
Glendale,Temporary Resident,96,1.29 %,217,1.02 %,176,0.83 %,19,0.77 %,144,0.72 %,116,0.59 %,29,0.51 %,97,0.51 %,86,0.45 %,3,0.06 %,77,0.42 %,62,0.32 %,16,0.29 %,54,0.25 %,46,0.22 %,16,0.25 %,298,1.36 %,432,1.81 %,125,1.38 %,420,1.93 %,377,1.78 %,201,2.20 %,449,2.03 %,486,2.20 %,212,2.20 %,534,2.23 %,470,1.95 %,147,1.36 %,393,1.60 %,162,1.59 %,376,1.55 %,109,1.02 %,338,1.39 %,127,1.40 %,315,1.33 %,107,1.23 %,281,1.26 %,97,1.05 %,289,1.32 %,115,1.23 %,323,1.45 %,115,1.26 %,298,1.35 %,170,1.48 %,283,1.29 %,148,1.41 %,288,1.32 %,144,1.22 %,244,1.10 %,155,1.49 %,271,1.24 %,154,1.28 %,290,1.30 %,215,1.94 %,348,1.53 %,229,1.71 %,309,1.31 %,181,1.59 %,242,1.01 %,139,1.03 %,204,0.84 %,129,1.38 %,213,0.89 %,,0.00 %,,0.00 %,,0.00 %,,0.00 %,,0.00 %,,0.00 %,,0.00 %,,0.00 %,,0.00 %,,0.00 %,,0.00 %,,0.00 %,,0.00 %,,0.00 %,,0.00 %,,0.00 %,,0.00 %,,0.00 %,,0.00 %,,0.00 %,,0.00 %,,0.00 %,,0.00 %,,0.00 %,,0.00 %,,0.00 %,,0.00 %,,0.00 %,,0.00 %,,0.00 %,,0.00 %,,0.00 %,,0.00 %,,0.00 %,,0.00 %,,0.00 %,,0.00 %,,0.00 %,,0.00 %,,0.00 %,,0.00 %,,0.00 %,,0.00 %,,0.00 %,,0.00 %,,0.00 %,,0.00 %,,0.00 %,,0.00 %,,0.00 %,,0.00 %,,0.00 %,,0.00 %
Glendale,Refugee / Asylee,294,3.94 %,846,3.98 %,772,3.64 %,80,3.24 %,653,3.26 %,615,3.13 %,207,3.66 %,515,2.71 %,474,2.47 %,93,1.84 %,412,2.27 %,398,2.08 %,96,1.74 %,333,1.57 %,299,1.40 %,95,1.49 %,589,2.68 %,674,2.83 %,204,2.25 %,590,2.71 %,574,2.70 %,258,2.82 %,793,3.58 %,967,4.37 %,474,4.93 %,"1,841",7.69 %,"2,092",8.68 %,914,8.48 %,"2,331",9.49 %,"1,201",11.81 %,"2,419",9.97 %,976,9.11 %,"2,355",9.67 %,806,8.90 %,"2,185",9.23 %,807,9.27 %,"1,924",8.61 %,710,7.71 %,"1,771",8.06 %,724,7.77 %,"1,537",6.92 %,561,6.15 %,"1,420",6.42 %,660,5.76 %,"1,168",5.33 %,523,4.99 %,"1,031",4.72 %,452,3.82 %,990,4.46 %,629,6.04 %,"1,300",5.94 %,785,6.52 %,"1,382",6.18 %,910,8.20 %,"1,796",7.90 %,"1,319",9.87 %,"2,345",9.93 %,"1,434",12.59 %,"2,692",11.27 %,"1,805",13.39 %,"2,785",11.51 %,"1,486",15.89 %,"2,917",12.16 %,971,9.81 %,"2,111",9.32 %,"1,027",13.85 %,"2,212",9.78 %,792,12.04 %,"2,128",9.71 %,7,2.99 %,"2,060",9.46 %,256,13.47 %,"1,787",8.49 %,5,1.21 %,"1,798",8.34 %,258,13.02 %,"1,575",7.52 %,574,8.35 %,"1,578",7.81 %,623,7.72 %,"1,470",7.34 %,682,8.68 %,"1,524",7.71 %,628,7.40 %,"1,426",7.05 %,640,7.68 %,"1,482",7.48 %,683,7.83 %,"1,548",7.72 %,779,8.58 %,"1,616",8.35 %,789,8.67 %,"1,514",7.82 %,758,8.41 %,"1,377",7.51 %,601,6.70 %,"1,207",6.64 %,598,6.90 %,"1,077",6.23 %,483,5.49 %,924,5.26 %,417,5.14 %,796,4.88 %,368,3.98 %,611,4.00 %,310,4.41 %,552,3.83 %,275,3.56 %,524,3.73 %,304,4.29 %,529,3.88 %,294,3.75 %,502,3.67 %,300,3.84 %,515,3.49 %,351,3.58 %
Glendale,Student Visa (F-1 or M-1 visa),275,3.68 %,545,2.56 %,553,2.61 %,97,3.93 %,579,2.89 %,561,2.85 %,278,4.92 %,520,2.74 %,524,2.73 %,13,0.26 %,466,2.56 %,489,2.56 %,236,4.28 %,495,2.34 %,508,2.38 %,260,4.08 %,717,3.26 %,802,3.36 %,363,4.00 %,710,3.26 %,679,3.20 %,395,4.32 %,774,3.50 %,751,3.40 %,359,3.73 %,"1,026",4.29 %,806,3.34 %,361,3.35 %,827,3.37 %,242,2.38 %,823,3.39 %,416,3.88 %,801,3.29 %,173,1.91 %,772,3.26 %,261,3.00 %,745,3.33 %,240,2.61 %,728,3.31 %,301,3.23 %,870,3.92 %,216,2.37 %,806,3.64 %,423,3.69 %,873,3.98 %,339,3.24 %,795,3.64 %,429,3.62 %,887,4.00 %,321,3.08 %,810,3.70 %,333,2.77 %,586,2.62 %,241,2.17 %,560,2.46 %,334,2.50 %,512,2.17 %,206,1.81 %,500,2.09 %,237,1.76 %,474,1.96 %,137,1.46 %,469,1.95 %,324,3.27 %,746,3.30 %,223,3.01 %,712,3.15 %,162,2.46 %,769,3.51 %,4,1.71 %,754,3.46 %,90,4.73 %,836,3.97 %,9,2.18 %,940,4.36 %,170,8.58 %,994,4.75 %,326,4.74 %,"1,057",5.23 %,382,4.73 %,"1,042",5.21 %,423,5.38 %,"1,108",5.61 %,429,5.06 %,"1,156",5.71 %,424,5.09 %,"1,144",5.78 %,427,4.89 %,"1,063",5.30 %,453,4.99 %,"1,055",5.45 %,449,4.93 %,"1,067",5.51 %,497,5.51 %,"1,062",5.79 %,449,5.01 %,944,5.19 %,435,5.02 %,940,5.44 %,378,4.30 %,849,4.83 %,330,4.06 %,694,4.26 %,243,2.63 %,468,3.07 %,170,2.42 %,408,2.83 %,155,2.00 %,341,2.42 %,109,1.54 %,326,2.39 %,113,1.44 %,300,2.19 %,96,1.23 %,313,2.12 %,112,1.14 %
Glendale,Other Status,609,8.15 %,"1,614",7.59 %,"1,737",8.19 %,231,9.36 %,"1,594",7.96 %,"1,640",8.34 %,436,7.71 %,"1,607",8.46 %,"1,689",8.79 %,301,5.97 %,"1,689",9.29 %,"1,786",9.35 %,484,8.77 %,"1,797",8.48 %,"1,724",8.08 %,545,8.54 %,"1,819",8.28 %,"1,887",7.91 %,710,7.81 %,"1,778",8.17 %,"1,799",8.47 %,806,8.82 %,"2,074",9.37 %,"2,313",10.46 %,996,10.35 %,"2,442",10.21 %,"2,631",10.91 %,"1,153",10.69 %,"2,513",10.23 %,"1,088",10.70 %,"2,478",10.21 %,995,9.29 %,"2,678",10.99 %,838,9.25 %,"2,606",11.01 %,"1,044",11.99 %,"2,678",11.98 %,"1,137",12.35 %,"2,650",12.06 %,"1,198",12.85 %,"2,807",12.64 %,"1,085",11.89 %,"2,913",13.16 %,"1,528",13.33 %,"2,788",12.71 %,"1,343",12.82 %,"2,716",12.44 %,"1,507",12.73 %,"2,712",12.22 %,"1,207",11.60 %,"2,461",11.24 %,"1,283",10.66 %,"2,238",10.00 %,"1,079",9.72 %,"2,118",9.31 %,"1,111",8.32 %,"2,010",8.51 %,986,8.66 %,"2,089",8.74 %,950,7.05 %,"1,803",7.45 %,775,8.29 %,"1,645",6.86 %,,0.00 %,310,1.37 %,,0.00 %,,0.00 %,123,1.87 %,326,1.49 %,,0.00 %,304,1.40 %,2,0.11 %,351,1.67 %,9,2.18 %,350,1.62 %,1,0.05 %,361,1.72 %,97,1.41 %,334,1.65 %,121,1.50 %,338,1.69 %,134,1.70 %,306,1.55 %,125,1.47 %,313,1.55 %,112,1.34 %,280,1.41 %,121,1.39 %,299,1.49 %,108,1.19 %,271,1.40 %,117,1.29 %,267,1.38 %,85,0.94 %,210,1.15 %,104,1.16 %,233,1.28 %,94,1.09 %,209,1.21 %,112,1.27 %,226,1.29 %,109,1.34 %,190,1.17 %,91,0.98 %,181,1.19 %,83,1.18 %,184,1.28 %,79,1.02 %,167,1.19 %,82,1.16 %,158,1.16 %,75,0.96 %,153,1.12 %,77,0.99 %,146,0.99 %,75,0.76 %
Glendale,Status Unknown / Uncollected,512,6.85 %,"2,296",10.80 %,"2,386",11.25 %,77,3.12 %,"2,158",10.77 %,"2,130",10.83 %,289,5.11 %,"1,880",9.90 %,"2,029",10.56 %,"2,878",57.05 %,"1,818",10.00 %,"2,169",11.36 %,267,4.84 %,"3,750",17.69 %,"3,776",17.70 %,268,4.20 %,"1,333",6.07 %,"1,376",5.77 %,352,3.87 %,"1,068",4.91 %,"1,188",5.60 %,458,5.01 %,"1,068",4.83 %,"1,143",5.17 %,341,3.54 %,"1,136",4.75 %,"1,168",4.84 %,347,3.22 %,921,3.75 %,564,5.55 %,961,3.96 %,311,2.90 %,842,3.46 %,494,5.45 %,980,4.14 %,218,2.50 %,957,4.28 %,570,6.19 %,"1,013",4.61 %,321,3.44 %,"1,081",4.87 %,770,8.44 %,"1,189",5.37 %,498,4.34 %,"1,208",5.51 %,648,6.19 %,"1,260",5.77 %,558,4.71 %,"1,257",5.67 %,701,6.74 %,"1,295",5.92 %,212,1.76 %,506,2.26 %,184,1.66 %,393,1.73 %,236,1.77 %,400,1.69 %,158,1.39 %,343,1.44 %,189,1.40 %,369,1.52 %,100,1.07 %,345,1.44 %,"1,987",20.08 %,"2,774",12.25 %,"1,442",19.44 %,"2,632",11.64 %,249,3.78 %,"1,642",7.50 %,3,1.28 %,"1,594",7.32 %,299,15.73 %,"1,307",6.21 %,1,0.24 %,"1,237",5.74 %,274,13.83 %,"1,029",4.92 %,431,6.27 %,896,4.44 %,358,4.44 %,788,3.94 %,417,5.31 %,795,4.02 %,343,4.04 %,772,3.81 %,412,4.94 %,783,3.95 %,408,4.68 %,801,3.99 %,421,4.63 %,824,4.26 %,409,4.49 %,798,4.12 %,435,4.82 %,765,4.17 %,417,4.65 %,750,4.12 %,431,4.98 %,776,4.49 %,416,4.73 %,986,5.61 %,773,9.52 %,"1,271",7.79 %,681,7.37 %,"1,006",6.59 %,676,9.62 %,"1,181",8.19 %,943,12.19 %,"1,403",9.97 %,"1,096",15.46 %,"1,834",13.44 %,"1,627",20.76 %,"2,164",15.80 %,"1,971",25.26 %,"3,090",20.95 %,"3,043",31.02 %
Rio Hondo,U.S. citizen,"2,666",58.24 %,"10,352",78.26 %,"11,895",79.14 %,"5,100",74.66 %,"11,868",78.85 %,"12,658",78.06 %,"4,464",72.77 %,"12,492",79.35 %,"12,131",78.85 %,"5,651",76.31 %,"10,179",78.17 %,"12,501",79.96 %,"6,538",76.08 %,"12,859",80.42 %,"14,287",81.35 %,"7,074",80.98 %,"11,910",79.82 %,"16,675",83.92 %,"9,036",84.69 %,"19,837",85.83 %,"17,821",85.74 %,"9,636",85.87 %,"17,165",85.51 %,"18,952",86.96 %,"10,086",87.80 %,"18,485",86.51 %,"17,100",85.99 %,"9,189",86.40 %,"17,988",86.03 %,,0.00 %,"18,698",86.41 %,"10,615",85.55 %,"18,211",85.69 %,,0.00 %,"17,530",85.20 %,"9,166",86.81 %,"17,218",86.00 %,,0.00 %,"17,155",85.04 %,"8,563",83.83 %,"15,672",84.40 %,,0.00 %,"16,899",85.27 %,"10,462",87.21 %,"18,347",86.30 %,,0.00 %,"19,640",87.10 %,"9,365",88.85 %,"20,575",87.65 %,,0.00 %,"21,382",87.52 %,"11,427",88.12 %,"20,382",88.61 %,,0.00 %,"23,082",89.48 %,"12,325",89.87 %,"20,793",89.77 %,,0.00 %,"23,534",90.69 %,"12,524",89.81 %,"21,874",90.75 %,,0.00 %,"20,162",90.32 %,"11,412",90.85 %,"19,888",89.05 %,,0.00 %,"19,676",89.10 %,"10,868",90.80 %,"18,496",88.32 %,,0.00 %,"19,326",91.76 %,"9,966",90.80 %,"17,916",90.18 %,,0.00 %,"17,382",91.33 %,"9,981",92.18 %,"18,466",91.61 %,,0.00 %,"19,247",91.93 %,"10,497",92.42 %,"17,206",91.66 %,,0.00 %,"20,120",92.45 %,"9,903",92.92 %,"18,212",92.11 %,,0.00 %,"18,787",92.36 %,"9,560",92.73 %,"18,952",92.07 %,,0.00 %,"18,421",92.60 %,"10,513",92.62 %,"20,083",92.29 %,,0.00 %,"19,808",92.04 %,"10,592",92.92 %,"19,679",92.04 %,,0.00 %,"20,195",91.40 %,"9,938",92.35 %,"19,479",91.42 %,,0.00 %,"17,490",91.75 %,"8,561",91.98 %,"14,843",91.11 %,,0.00 %,"15,953",91.72 %,"8,016",91.44 %,"15,065",92.03 %,,0.00 %,"13,047",91.10 %,"7,510",86.14 %,"16,050",92.21 %,"3,145",95.59 %,"15,589",92.60 %,"10,123",72.91 %
Rio Hondo,Permanent Resident,702,15.33 %,"1,952",14.76 %,"2,261",15.04 %,"1,261",18.46 %,"2,317",15.39 %,"2,543",15.68 %,"1,195",19.48 %,"2,475",15.72 %,"2,534",16.47 %,"1,346",18.18 %,"2,263",17.38 %,"2,540",16.25 %,"1,627",18.93 %,"2,604",16.29 %,"2,746",15.64 %,"1,282",14.68 %,"2,463",16.51 %,"2,526",12.71 %,"1,247",11.69 %,"2,510",10.86 %,"2,306",11.10 %,"1,172",10.44 %,"2,319",11.55 %,"2,262",10.38 %,"1,031",8.97 %,"2,130",9.97 %,"2,032",10.22 %,"1,062",9.98 %,"2,133",10.20 %,,0.00 %,"2,218",10.25 %,"1,272",10.25 %,"2,188",10.30 %,,0.00 %,"2,191",10.65 %,"1,036",9.81 %,"1,969",9.83 %,,0.00 %,"2,118",10.50 %,"1,198",11.73 %,"2,033",10.95 %,,0.00 %,"2,030",10.24 %,"1,080",9.00 %,"1,959",9.21 %,,0.00 %,"2,021",8.96 %,810,7.69 %,"1,978",8.43 %,,0.00 %,"2,089",8.55 %,"1,101",8.49 %,"1,806",7.85 %,,0.00 %,"1,896",7.35 %,989,7.21 %,"1,642",7.09 %,,0.00 %,"1,665",6.42 %,961,6.89 %,"1,477",6.13 %,,0.00 %,"1,024",4.59 %,579,4.61 %,998,4.47 %,,0.00 %,976,4.42 %,511,4.27 %,936,4.47 %,,0.00 %,960,4.56 %,557,5.07 %,878,4.42 %,,0.00 %,830,4.36 %,418,3.86 %,742,3.68 %,,0.00 %,761,3.63 %,390,3.43 %,637,3.39 %,,0.00 %,682,3.13 %,335,3.14 %,601,3.04 %,,0.00 %,615,3.02 %,321,3.11 %,605,2.94 %,,0.00 %,582,2.93 %,337,2.97 %,644,2.96 %,,0.00 %,653,3.03 %,346,3.04 %,641,3.00 %,,0.00 %,645,2.92 %,297,2.76 %,652,3.06 %,,0.00 %,598,3.14 %,318,3.42 %,556,3.41 %,,0.00 %,561,3.23 %,288,3.29 %,491,3.00 %,,0.00 %,446,3.11 %,211,2.42 %,411,2.36 %,38,1.16 %,382,2.27 %,208,1.50 %
Rio Hondo,Temporary Resident,99,2.16 %,229,1.73 %,233,1.55 %,139,2.03 %,268,1.78 %,291,1.79 %,93,1.52 %,219,1.39 %,200,1.30 %,61,0.82 %,115,0.88 %,163,1.04 %,60,0.70 %,128,0.80 %,126,0.72 %,49,0.56 %,166,1.11 %,222,1.12 %,58,0.54 %,227,0.98 %,172,0.83 %,71,0.63 %,162,0.81 %,144,0.66 %,70,0.61 %,160,0.75 %,188,0.95 %,95,0.89 %,193,0.92 %,,0.00 %,195,0.90 %,122,0.98 %,206,0.97 %,,0.00 %,206,1.00 %,61,0.58 %,175,0.87 %,,0.00 %,189,0.94 %,78,0.76 %,162,0.87 %,,0.00 %,182,0.92 %,81,0.68 %,167,0.79 %,,0.00 %,168,0.75 %,52,0.49 %,184,0.78 %,,0.00 %,210,0.86 %,60,0.46 %,121,0.53 %,,0.00 %,115,0.45 %,51,0.37 %,74,0.32 %,,0.00 %,91,0.35 %,54,0.39 %,71,0.29 %,,0.00 %,40,0.18 %,28,0.22 %,35,0.16 %,,0.00 %,42,0.19 %,17,0.14 %,34,0.16 %,,0.00 %,33,0.16 %,15,0.14 %,26,0.13 %,,0.00 %,28,0.15 %,17,0.16 %,31,0.15 %,,0.00 %,40,0.19 %,19,0.17 %,39,0.21 %,,0.00 %,59,0.27 %,23,0.22 %,46,0.23 %,,0.00 %,44,0.22 %,26,0.25 %,56,0.27 %,,0.00 %,49,0.25 %,30,0.26 %,78,0.36 %,,0.00 %,81,0.38 %,38,0.33 %,76,0.36 %,,0.00 %,83,0.38 %,43,0.40 %,81,0.38 %,,0.00 %,62,0.33 %,22,0.24 %,48,0.29 %,,0.00 %,55,0.32 %,30,0.34 %,53,0.32 %,,0.00 %,43,0.30 %,30,0.34 %,45,0.26 %,4,0.12 %,36,0.21 %,22,0.16 %
Rio Hondo,Refugee / Asylee,30,0.66 %,67,0.51 %,74,0.49 %,39,0.57 %,78,0.52 %,97,0.60 %,41,0.67 %,78,0.50 %,79,0.51 %,41,0.55 %,67,0.51 %,73,0.47 %,41,0.48 %,62,0.39 %,57,0.32 %,28,0.32 %,55,0.37 %,58,0.29 %,20,0.19 %,39,0.17 %,39,0.19 %,21,0.19 %,39,0.19 %,37,0.17 %,16,0.14 %,39,0.18 %,45,0.23 %,23,0.22 %,48,0.23 %,,0.00 %,44,0.20 %,24,0.19 %,56,0.26 %,,0.00 %,49,0.24 %,36,0.34 %,77,0.38 %,,0.00 %,72,0.36 %,45,0.44 %,73,0.39 %,,0.00 %,72,0.36 %,48,0.40 %,66,0.31 %,,0.00 %,64,0.28 %,34,0.32 %,65,0.28 %,,0.00 %,58,0.24 %,24,0.19 %,38,0.17 %,,0.00 %,34,0.13 %,17,0.12 %,24,0.10 %,,0.00 %,28,0.11 %,18,0.13 %,26,0.11 %,,0.00 %,17,0.08 %,11,0.09 %,15,0.07 %,,0.00 %,13,0.06 %,9,0.08 %,12,0.06 %,,0.00 %,10,0.05 %,7,0.06 %,12,0.06 %,,0.00 %,12,0.06 %,5,0.05 %,13,0.06 %,,0.00 %,11,0.05 %,4,0.04 %,7,0.04 %,,0.00 %,15,0.07 %,8,0.08 %,17,0.09 %,,0.00 %,14,0.07 %,7,0.07 %,13,0.06 %,,0.00 %,10,0.05 %,12,0.11 %,20,0.09 %,,0.00 %,26,0.12 %,19,0.17 %,19,0.09 %,,0.00 %,22,0.10 %,8,0.07 %,28,0.13 %,,0.00 %,24,0.13 %,9,0.10 %,22,0.14 %,,0.00 %,23,0.13 %,16,0.18 %,21,0.13 %,,0.00 %,23,0.16 %,14,0.16 %,18,0.10 %,3,0.09 %,17,0.10 %,17,0.12 %
Rio Hondo,Student Visa (F-1 or M-1 visa),142,3.10 %,306,2.31 %,328,2.18 %,195,2.85 %,343,2.28 %,338,2.08 %,258,4.21 %,317,2.01 %,293,1.90 %,238,3.21 %,294,2.26 %,260,1.66 %,276,3.21 %,235,1.47 %,253,1.44 %,258,2.95 %,264,1.77 %,263,1.32 %,275,2.58 %,284,1.23 %,315,1.52 %,289,2.58 %,309,1.54 %,300,1.38 %,261,2.27 %,303,1.42 %,317,1.59 %,224,2.11 %,283,1.35 %,,0.00 %,273,1.26 %,212,1.71 %,269,1.27 %,,0.00 %,243,1.18 %,167,1.58 %,263,1.31 %,,0.00 %,273,1.35 %,139,1.36 %,244,1.31 %,,0.00 %,245,1.24 %,119,0.99 %,243,1.14 %,,0.00 %,227,1.01 %,99,0.94 %,185,0.79 %,,0.00 %,160,0.65 %,89,0.69 %,123,0.53 %,,0.00 %,98,0.38 %,40,0.29 %,61,0.26 %,,0.00 %,62,0.24 %,23,0.16 %,48,0.20 %,,0.00 %,41,0.18 %,24,0.19 %,26,0.12 %,,0.00 %,27,0.12 %,19,0.16 %,40,0.19 %,,0.00 %,39,0.19 %,23,0.21 %,39,0.20 %,,0.00 %,25,0.13 %,11,0.10 %,20,0.10 %,,0.00 %,23,0.11 %,19,0.17 %,23,0.12 %,,0.00 %,33,0.15 %,16,0.15 %,45,0.23 %,,0.00 %,44,0.22 %,30,0.29 %,60,0.29 %,,0.00 %,67,0.34 %,33,0.29 %,80,0.37 %,,0.00 %,90,0.42 %,33,0.29 %,82,0.38 %,,0.00 %,92,0.42 %,32,0.30 %,74,0.35 %,,0.00 %,74,0.39 %,22,0.24 %,56,0.34 %,,0.00 %,47,0.27 %,20,0.23 %,30,0.18 %,,0.00 %,25,0.17 %,12,0.14 %,24,0.14 %,2,0.06 %,27,0.16 %,10,0.07 %
Rio Hondo,Other Status,33,0.72 %,108,0.82 %,95,0.63 %,44,0.64 %,89,0.59 %,80,0.49 %,37,0.60 %,71,0.45 %,66,0.43 %,27,0.36 %,46,0.35 %,42,0.27 %,27,0.31 %,40,0.25 %,57,0.32 %,19,0.22 %,33,0.22 %,43,0.22 %,21,0.20 %,131,0.57 %,78,0.38 %,24,0.21 %,55,0.27 %,47,0.22 %,17,0.15 %,190,0.89 %,162,0.81 %,35,0.33 %,172,0.82 %,,0.00 %,188,0.87 %,140,1.13 %,282,1.33 %,,0.00 %,301,1.46 %,81,0.77 %,276,1.38 %,,0.00 %,315,1.56 %,161,1.58 %,342,1.84 %,,0.00 %,342,1.73 %,183,1.53 %,440,2.07 %,,0.00 %,399,1.77 %,169,1.60 %,467,1.99 %,,0.00 %,511,2.09 %,257,1.98 %,524,2.28 %,,0.00 %,560,2.17 %,288,2.10 %,545,2.35 %,,0.00 %,552,2.13 %,342,2.45 %,581,2.41 %,,0.00 %,593,2.66 %,300,2.39 %,648,2.90 %,,0.00 %,570,2.58 %,334,2.79 %,655,3.13 %,,0.00 %,575,2.73 %,388,3.53 %,851,4.28 %,,0.00 %,731,3.84 %,383,3.54 %,762,3.78 %,,0.00 %,776,3.71 %,386,3.40 %,766,4.08 %,,0.00 %,802,3.69 %,342,3.21 %,812,4.11 %,,0.00 %,755,3.71 %,347,3.37 %,784,3.81 %,,0.00 %,733,3.68 %,402,3.54 %,826,3.80 %,,0.00 %,826,3.84 %,354,3.11 %,810,3.79 %,,0.00 %,924,4.18 %,404,3.75 %,904,4.24 %,,0.00 %,777,4.08 %,362,3.89 %,743,4.56 %,,0.00 %,711,4.09 %,381,4.35 %,665,4.06 %,,0.00 %,602,4.20 %,330,3.79 %,592,3.40 %,77,2.34 %,593,3.52 %,295,2.12 %
Rio Hondo,Status Unknown / Uncollected,906,19.79 %,213,1.61 %,144,0.96 %,53,0.78 %,89,0.59 %,209,1.29 %,46,0.75 %,91,0.58 %,81,0.53 %,41,0.55 %,57,0.44 %,56,0.36 %,25,0.29 %,62,0.39 %,37,0.21 %,25,0.29 %,31,0.21 %,82,0.41 %,13,0.12 %,84,0.36 %,53,0.26 %,9,0.08 %,25,0.12 %,53,0.24 %,7,0.06 %,60,0.28 %,42,0.21 %,8,0.08 %,91,0.44 %,,0.00 %,23,0.11 %,23,0.19 %,41,0.19 %,,0.00 %,54,0.26 %,12,0.11 %,44,0.22 %,,0.00 %,51,0.25 %,31,0.30 %,42,0.23 %,,0.00 %,49,0.25 %,23,0.19 %,37,0.17 %,,0.00 %,29,0.13 %,11,0.10 %,19,0.08 %,,0.00 %,22,0.09 %,10,0.08 %,9,0.04 %,,0.00 %,10,0.04 %,5,0.04 %,23,0.10 %,,0.00 %,19,0.07 %,23,0.16 %,27,0.11 %,,0.00 %,445,1.99 %,207,1.65 %,723,3.24 %,,0.00 %,779,3.53 %,211,1.76 %,770,3.68 %,,0.00 %,119,0.56 %,20,0.18 %,144,0.72 %,,0.00 %,25,0.13 %,13,0.12 %,123,0.61 %,,0.00 %,78,0.37 %,43,0.38 %,93,0.50 %,,0.00 %,52,0.24 %,31,0.29 %,38,0.19 %,,0.00 %,83,0.41 %,18,0.17 %,115,0.56 %,,0.00 %,31,0.16 %,24,0.21 %,30,0.14 %,,0.00 %,38,0.18 %,17,0.15 %,74,0.35 %,,0.00 %,133,0.60 %,39,0.36 %,88,0.41 %,,0.00 %,37,0.19 %,13,0.14 %,24,0.15 %,,0.00 %,43,0.25 %,15,0.17 %,45,0.27 %,,0.00 %,135,0.94 %,611,7.01 %,266,1.53 %,21,0.64 %,190,1.13 %,"3,210",23.12 %
